Date,Revenue,Units Sold,Average Order Value,Product Category,City,Product Name
2023-02-14,1798,120,14.98,indicate,East Tabithafurt,ground
2023-02-05,3239,192,16.87,raise,East Nicolefort,free
2023-01-10,8181,167,48.99,others,Olivermouth,buy
2023-02-05,3840,50,76.8,pull,West Jamesport,choice
2023-03-07,3143,58,54.19,remember,South Eddieton,see
2023-02-06,2272,141,16.11,yes,Collintown,wonder
2023-01-28,4569,61,74.9,bad,Richardton,provide
2023-03-08,1511,123,12.28,number,Brandonberg,on
2023-02-25,5758,75,76.77,several,East Larry,focus
2023-01-24,8814,161,54.75,lay,North Heidi,charge
2023-02-09,6937,149,46.56,audience,Andrewsport,challenge
2023-01-27,7093,167,42.47,sometimes,New Josefurt,really
2023-01-01,6971,102,68.34,from,Wendyshire,total
2023-01-13,5998,109,55.03,together,East Lori,share
2023-03-07,5567,77,72.3,account,Martinfort,now
2023-02-01,9402,165,56.98,lose,Mannfort,ago
2023-02-25,2736,149,18.36,suffer,Port Michael,leader
2023-03-04,5968,54,110.52,ability,South Brittanyburgh,recognize
2023-03-08,7068,168,42.07,far,Lawrenceside,during
2023-02-13,6858,186,36.87,art,Lake Ruben,ground
2023-02-07,6043,116,52.09,believe,Ashleystad,only
2023-03-11,7383,73,101.14,garden,Parkerborough,somebody
2023-03-11,9653,145,66.57,couple,Nancyland,side
2023-02-23,6632,81,81.88,capital,Smithtown,after
2023-02-17,5871,105,55.91,bit,Port Jared,floor
2023-03-10,6245,97,64.38,by,Michellechester,dog
2023-01-14,2523,93,27.13,probably,East Donaldborough,out
2023-03-04,4392,128,34.31,rock,Lake Christopher,worker
2023-01-13,1704,133,12.81,unit,South James,couple
2023-03-10,7094,87,81.54,low,East Ashleytown,executive
2023-01-17,2390,122,19.59,without,Benjamintown,write
2023-02-22,9490,131,72.44,feel,New Margaretport,now
2023-02-01,7374,78,94.54,family,Lake Robin,civil
2023-01-25,7090,122,58.11,street,Hughesfurt,choice
2023-02-01,9438,68,138.79,can,Lake Linda,structure
2023-02-28,2275,102,22.3,beat,North Melissa,bed
2023-01-30,2698,175,15.42,the,New Andrew,condition
2023-03-09,1863,119,15.66,hold,North Dariusview,commercial
2023-02-18,7931,136,58.32,level,Michelletown,where
2023-02-12,4182,128,32.67,difference,North Gregorystad,evening
2023-01-02,3665,93,39.41,Mrs,North Alexanderview,him
2023-02-18,3992,195,20.47,office,Kylemouth,bar
2023-03-08,3764,131,28.73,step,New Shannon,right
2023-01-07,1246,194,6.42,degree,South Paula,left
2023-01-02,3109,146,21.29,important,Port Allisonside,huge
2023-03-09,5819,63,92.37,around,West Kimberly,center
2023-02-01,7684,173,44.42,put,Port Ethanville,develop
2023-01-05,9208,200,46.04,reduce,New Edwinside,civil
2023-01-20,9189,91,100.98,ball,Port Emilychester,training
2023-01-02,1241,133,9.33,person,Sarahburgh,drop
2023-03-09,8938,74,120.78,weight,Port Mariaburgh,among
2023-03-05,3965,118,33.6,role,Campbellport,make
2023-03-06,2414,96,25.15,military,Spenceshire,center
2023-01-04,9968,56,178.0,debate,Walkerview,week
2023-03-07,7820,158,49.49,Mrs,Andreville,price
2023-01-27,5975,58,103.02,suggest,West Alyssa,once
2023-02-16,1890,101,18.71,child,South Brad,idea
2023-01-27,9029,116,77.84,lawyer,Valeriemouth,growth
2023-02-14,3861,179,21.57,hit,New Sandra,action
2023-02-20,4935,156,31.63,career,Williamshaven,eight
2023-01-23,9668,175,55.25,minute,Lynnmouth,leg
2023-02-20,8696,81,107.36,site,Valdezfurt,painting
2023-01-16,6788,185,36.69,however,Allisonborough,condition
2023-02-26,1236,135,9.16,later,Port Nathanport,picture
2023-02-12,1854,77,24.08,not,Hollandside,woman
2023-02-12,1301,162,8.03,yourself,Lake Lauren,level
2023-02-14,5303,67,79.15,parent,Port Nicole,leave
2023-01-26,4055,186,21.8,sing,New Sarahmouth,upon
2023-01-26,2570,160,16.06,and,North Donald,meeting
2023-01-09,3661,138,26.53,station,East Gregoryborough,dark
2023-01-23,5352,191,28.02,candidate,Tonyachester,on
2023-01-30,7240,119,60.84,father,North Ericland,official
2023-02-06,7495,195,38.44,fly,East Racheltown,forward
2023-01-25,7848,55,142.69,thing,Leechester,than
2023-01-05,3163,188,16.82,from,West Kimberlystad,usually
2023-02-23,1710,142,12.04,trade,North Kimberlyside,mind
2023-02-23,5480,155,35.35,nearly,New Clayton,leave
2023-01-08,9084,160,56.77,born,Dawnville,personal
2023-02-04,5451,170,32.06,give,Port Madison,turn
2023-02-09,1878,72,26.08,have,North Brandyside,about
2023-02-11,8172,138,59.22,traditional,Cynthiahaven,firm
2023-01-24,8740,184,47.5,around,North Josefort,front
2023-02-16,2471,84,29.42,woman,South Lindachester,deal
2023-01-23,4404,181,24.33,one,East Mark,want
2023-01-01,8652,74,116.92,suddenly,East Amy,hear
2023-02-27,4874,147,33.16,marriage,New Alicia,nature
2023-03-04,9230,72,128.19,much,Catherineside,section
2023-03-01,2245,83,27.05,another,East David,town
2023-03-11,3796,70,54.23,space,Garciaside,foot
2023-01-13,2207,143,15.43,other,Carloschester,million
2023-02-17,4082,58,70.38,sister,Victorton,theory
2023-02-12,2086,125,16.69,land,Sullivanfurt,a
2023-02-12,3721,63,59.06,write,Jamesside,cold
2023-02-16,1065,69,15.43,account,Port Jennifer,information
2023-02-12,6851,130,52.7,reveal,Wattsmouth,quickly
2023-02-17,1188,144,8.25,trip,South Adam,radio
2023-02-01,6308,192,32.85,since,East Georgeville,back
2023-03-11,4078,108,37.76,say,Youngfurt,blue
2023-01-12,2919,169,17.27,local,Scottfurt,situation
2023-01-12,7916,91,86.99,hand,Martinfurt,phone
2023-02-06,4976,90,55.29,stage,North Deanshire,share
2023-02-04,4870,61,79.84,lawyer,Robertview,top
2023-01-12,9744,83,117.4,certainly,North Christian,approach
2023-02-05,9476,108,87.74,difference,Walkertown,field
2023-01-07,4356,101,43.13,center,West Brandonport,public
2023-02-18,3438,171,20.11,case,New David,community
2023-01-01,3357,90,37.3,answer,Scottfort,small
2023-03-07,4128,156,26.46,meeting,New Angela,worry
2023-01-03,6798,168,40.46,foreign,East Alexanderville,human
2023-02-13,1483,100,14.83,region,Calhounmouth,amount
2023-03-03,4935,136,36.29,road,Adamsborough,general
2023-02-17,4890,199,24.57,Congress,North Barbaraside,foot
2023-01-12,8786,81,108.47,western,West Holly,great
2023-01-08,9745,137,71.13,world,Kiddmouth,receive
2023-01-29,5815,154,37.76,school,Rachelhaven,future
2023-01-06,8393,104,80.7,leg,Michaelhaven,prevent
2023-01-06,9556,177,53.99,good,East Carlland,control
2023-02-27,3754,118,31.81,join,Rothborough,nearly
2023-02-13,5378,95,56.61,off,Barrettstad,and
2023-01-02,2017,189,10.67,argue,Wagnermouth,product
2023-02-02,9777,192,50.92,onto,New Jessica,able
2023-03-01,7820,62,126.13,represent,New Dianahaven,follow
2023-03-03,5565,53,105.0,but,South James,choose
2023-01-30,7568,172,44.0,quickly,Port Sharon,often
2023-01-26,5723,152,37.65,lot,Brightbury,director
2023-03-08,2378,67,35.49,fly,Jamiemouth,anyone
2023-02-20,4041,182,22.2,husband,Gamblefurt,artist
2023-02-18,4424,185,23.91,international,East Josephtown,floor
2023-02-27,8628,169,51.05,line,Chasebury,dream
2023-01-16,8568,178,48.13,truth,New Michael,student
2023-01-11,7974,67,119.01,radio,Sydneytown,general
2023-02-02,9378,175,53.59,president,West Daniel,state
2023-02-04,6305,112,56.29,father,South Sharonchester,hand
2023-02-28,8143,134,60.77,blood,Jessicaport,night
2023-01-02,3300,95,34.74,help,Emilybury,board
2023-02-14,2532,174,14.55,apply,Lake Seth,around
2023-02-21,7797,70,111.39,stand,New Ralph,probably
2023-01-24,4362,187,23.33,bill,Carrieside,great
2023-01-09,3041,155,19.62,each,New Margaretville,reality
2023-01-02,3049,154,19.8,color,East Deborahburgh,college
2023-01-15,4642,153,30.34,form,South Patrick,such
2023-03-05,3420,70,48.86,specific,Kevinton,let
2023-01-07,5192,121,42.91,check,South Antoniomouth,any
2023-03-01,3707,119,31.15,well,North Kaylachester,late
2023-01-27,1231,144,8.55,director,Smithfort,theory
2023-02-25,9245,171,54.06,show,Lake Rebeccatown,east
2023-02-13,5529,127,43.54,score,Baxterview,east
2023-01-24,2811,197,14.27,close,South Susanhaven,social
2023-02-01,4532,54,83.93,born,Jonesburgh,exactly
2023-02-20,1955,62,31.53,most,North Krystal,read
2023-01-06,7987,74,107.93,anyone,Nancyfurt,continue
2023-03-07,6381,181,35.25,source,Melissafurt,enough
2023-03-03,3849,100,38.49,foreign,Lake Scottshire,second
2023-03-03,9559,130,73.53,test,East Dakotaburgh,increase
2023-02-03,9917,191,51.92,under,Carlosville,message
2023-01-11,6430,153,42.03,eight,Haydentown,clearly
2023-01-09,4174,182,22.93,without,Tracyland,kind
2023-02-09,7857,137,57.35,relationship,Joeburgh,follow
2023-03-03,1199,160,7.49,expert,Port Faithland,best
2023-03-01,3412,50,68.24,decision,New Toddfurt,half
2023-01-12,6911,86,80.36,allow,Patriciashire,out
2023-02-03,9708,122,79.57,American,Vazquezmouth,response
2023-02-01,6919,51,135.67,many,Michellehaven,discover
2023-01-19,1358,151,8.99,standard,Claudiaside,interview
2023-01-19,8099,112,72.31,wide,Lake Troybury,board
2023-01-27,6491,182,35.66,phone,East Jessica,table
2023-02-17,4980,109,45.69,within,Andersonborough,know
2023-01-30,5450,161,33.85,reflect,Johnsonside,as
2023-01-14,4247,158,26.88,design,Alexanderhaven,top
2023-02-15,9128,138,66.14,watch,Patelmouth,nature
2023-02-10,1975,177,11.16,cover,Megantown,experience
2023-01-25,7826,75,104.35,should,Lake Lisabury,whether
2023-02-12,8924,160,55.77,population,North John,would
2023-02-14,6959,58,119.98,reason,East William,throughout
2023-01-15,4138,68,60.85,expert,South Lori,care
2023-02-09,9478,139,68.19,explain,Harrismouth,fight
2023-01-19,7997,186,42.99,sign,North Linda,other
2023-02-04,8237,161,51.16,firm,Farleybury,into
2023-01-29,4124,87,47.4,hundred,Lake Scottburgh,role
2023-01-18,7180,87,82.53,couple,South Jeffreyside,worker
2023-01-20,6692,130,51.48,people,West Daniel,few
2023-01-02,4629,60,77.15,Republican,Millerton,example
2023-03-08,6428,200,32.14,involve,Gallagherton,various
2023-02-12,3966,58,68.38,third,West Priscilla,these
2023-02-17,1066,175,6.09,point,Williamsfort,card
2023-03-10,2320,172,13.49,economy,Wrightfurt,once
2023-02-16,5121,112,45.72,generation,West Connorshire,lay
2023-01-07,7661,111,69.02,just,Davishaven,modern
2023-02-03,6301,148,42.57,total,Leeport,face
2023-03-09,4247,149,28.5,respond,New Alexandermouth,too
2023-02-16,6446,71,90.79,protect,South Traceyborough,later
2023-02-25,1607,132,12.17,indeed,Howardmouth,evidence
2023-01-14,5524,180,30.69,article,East Cathy,lay
2023-02-15,5555,57,97.46,shoulder,North Teresa,analysis
2023-03-07,1898,55,34.51,win,Williamport,song
2023-01-04,8447,51,165.63,must,Laceyburgh,indeed
2023-01-01,4200,119,35.29,tax,Davidside,get
2023-01-08,2441,71,34.38,bill,Robertmouth,should
2023-01-15,1990,161,12.36,one,Perkinsport,though
2023-02-14,7258,192,37.8,benefit,Popeton,account
2023-01-22,8289,191,43.4,family,Port Meaganview,pretty
2023-02-10,5029,126,39.91,mission,Olsonmouth,program
2023-01-20,3185,182,17.5,from,Roberttown,under
2023-01-25,8084,100,80.84,north,Carterchester,large
2023-01-13,9341,100,93.41,marriage,South Maryfort,leave
2023-01-04,3321,97,34.24,sort,Sherrystad,job
2023-02-16,5850,195,30.0,guess,Simsfurt,plan
2023-02-22,2690,74,36.35,probably,Port Russellchester,individual
2023-01-12,2847,96,29.66,would,Port Dominique,prepare
2023-02-21,8491,98,86.64,early,New Jonathan,result
2023-02-19,9629,144,66.87,film,Karenfort,skill
2023-01-20,4079,83,49.14,yard,Davidtown,probably
2023-03-02,9944,108,92.07,drop,Lake Amy,production
2023-03-06,8212,197,41.69,animal,Sarahview,middle
2023-01-04,9180,59,155.59,state,East Hollymouth,if
2023-02-14,1827,97,18.84,town,Ramosburgh,story
2023-01-04,4993,140,35.66,less,East Donnaland,Democrat
2023-02-06,9665,144,67.12,executive,North Anthonyport,five
2023-01-29,9669,67,144.31,interesting,West Michele,from
2023-01-06,7042,139,50.66,media,North Sarah,southern
2023-01-23,5049,106,47.63,against,East Thomasside,step
2023-02-10,1665,117,14.23,star,Tanyatown,realize
2023-03-11,4760,69,68.99,up,Brownfort,including
2023-01-03,9365,130,72.04,financial,Lake Krystal,hot
2023-01-27,4962,186,26.68,paper,Paulfort,gas
2023-01-30,3111,77,40.4,performance,Jacobberg,her
2023-01-04,2479,159,15.59,memory,Juanside,from
2023-01-17,5474,200,27.37,east,Cassandraborough,operation
2023-03-06,3782,55,68.76,trade,Mirandaborough,year
2023-03-11,8227,114,72.17,either,West Alexfort,be
2023-03-03,5568,157,35.46,whether,Crossshire,fight
2023-01-20,4200,93,45.16,decision,South Bethany,new
2023-01-15,9894,142,69.68,goal,Lake Cynthiaton,safe
2023-03-06,4487,90,49.86,point,Julieview,somebody
2023-01-06,4201,59,71.2,energy,North Samantha,home
2023-03-08,5447,104,52.38,about,New Cody,rest
2023-01-28,5806,87,66.74,rather,Lake Tonyburgh,economic
2023-02-13,9423,142,66.36,decade,East Matthew,make
2023-01-18,1226,93,13.18,although,Michaelbury,bit
2023-02-23,5576,94,59.32,memory,South Daniel,result
2023-02-06,4689,198,23.68,would,Lake Aaron,near
2023-01-01,4142,81,51.14,security,Andrebury,president
2023-01-28,3106,180,17.26,determine,Spencerfurt,keep
2023-02-22,5880,186,31.61,necessary,Rileystad,lot
2023-02-17,8920,91,98.02,loss,Jonathanfort,couple
2023-01-11,7391,112,65.99,personal,West Douglas,mention
2023-01-06,1757,180,9.76,glass,West Brittany,capital
2023-02-28,9035,134,67.43,statement,Greenville,respond
2023-02-18,7818,118,66.25,east,Douglasland,across
2023-01-18,1121,156,7.19,news,East Danielview,physical
2023-02-06,1360,164,8.29,someone,East Jeffery,Mr
2023-02-14,1010,131,7.71,final,North Cindy,break
2023-02-17,4015,87,46.15,organization,Dixonberg,of
2023-02-02,1316,98,13.43,near,Villahaven,bag
2023-01-13,7806,189,41.3,tell,Mccarthyside,economic
2023-01-25,3785,101,37.48,debate,Morrowfort,nothing
2023-01-04,8610,124,69.44,administration,Garciaton,adult
2023-02-24,8203,124,66.15,sit,Port Kathy,that
2023-03-09,7074,175,40.42,north,South Kathleenborough,market
2023-01-01,7644,151,50.62,water,Burtonland,grow
2023-01-01,1269,102,12.44,under,Lake Christopherstad,quickly
2023-01-23,3105,104,29.86,none,Port Maria,believe
2023-02-01,1978,157,12.6,every,New Shaunburgh,treatment
2023-02-17,7799,165,47.27,table,New Timothyport,lose
2023-02-05,9286,126,73.7,base,Phillipstown,decide
2023-02-08,1573,156,10.08,speak,Allenshire,sit
2023-01-25,7733,147,52.61,analysis,West Carrie,maybe
2023-03-08,9382,186,50.44,sing,New Kevin,or
2023-01-06,7414,111,66.79,election,Lake Amber,police
2023-02-28,4487,199,22.55,she,East Ericaport,that
2023-02-23,5147,145,35.5,participant,Port Mauricestad,agency
2023-01-16,7651,128,59.77,understand,Martinborough,note
2023-02-12,6210,174,35.69,prepare,Millertown,bag
2023-02-12,4023,166,24.23,likely,Kelleyhaven,develop
2023-02-11,3038,135,22.5,perform,Batesport,might
2023-01-17,2328,111,20.97,bring,Kaylaburgh,you
2023-01-19,6326,104,60.83,rule,Pinedamouth,education
2023-01-24,5135,126,40.75,relate,Lake Danaton,sport
2023-01-26,7169,165,43.45,true,Bryantburgh,involve
2023-01-22,3457,62,55.76,history,East Brianville,oil
2023-02-07,9094,86,105.74,low,Trujillotown,serve
2023-02-24,9118,102,89.39,officer,West Nicole,hour
2023-02-18,9842,116,84.84,order,Port Amy,tax
2023-03-09,5095,92,55.38,north,Ericshire,work
2023-01-07,9089,169,53.78,agency,Paulside,week
2023-01-17,2048,188,10.89,yourself,North Michaelbury,cell
2023-01-11,8323,165,50.44,bill,Parksview,himself
2023-03-02,1263,160,7.89,score,West Travis,particular
2023-02-26,5604,66,84.91,experience,New Gregfort,gas
2023-03-11,3673,111,33.09,result,Gonzalezfort,movie
2023-02-15,9445,55,171.73,care,Kennethshire,line
2023-02-09,1318,178,7.4,take,East Brendanfurt,usually
2023-01-09,2305,59,39.07,trip,Christopherchester,sport
2023-03-07,7572,67,113.01,space,Shepherdmouth,security
2023-03-01,8386,58,144.59,base,Ashleefurt,hundred
2023-01-16,3479,50,69.58,agency,North Mistyhaven,next
2023-03-05,4541,108,42.05,indicate,Wilsonmouth,yard
2023-01-30,5462,183,29.85,hold,Ginabury,scientist
2023-03-02,3103,57,54.44,wait,North Donnaborough,after
2023-02-17,1549,178,8.7,blue,Lake Jeffreytown,away
2023-01-04,2646,132,20.05,summer,New Jesus,here
2023-02-25,7454,108,69.02,media,West Lynnstad,particular
2023-01-26,5282,104,50.79,anything,Robinsonside,culture
2023-03-05,9321,176,52.96,effect,South Tracymouth,share
2023-01-14,8117,114,71.2,American,New William,see
2023-01-25,3187,187,17.04,degree,New Joanton,raise
2023-03-11,8100,189,42.86,middle,West James,old
2023-01-08,3254,188,17.31,family,East Vanessaview,image
2023-02-11,9298,57,163.12,save,Samuelburgh,improve
2023-01-14,2909,51,57.04,total,Phillipsland,else
2023-02-02,2324,107,21.72,action,Port Danny,kitchen
2023-02-28,6526,113,57.75,continue,New Craigstad,truth
2023-02-22,4744,90,52.71,ahead,Jenniferchester,Democrat
2023-01-05,2463,111,22.19,event,North Aaron,for
2023-01-11,5360,79,67.85,instead,East Jenniferborough,ago
2023-03-10,2338,120,19.48,summer,Lake Michelle,some
2023-01-28,9619,161,59.75,future,South Luke,condition
2023-02-16,8931,187,47.76,need,Reillyville,say
2023-02-27,4704,150,31.36,summer,Edwardsfort,carry
2023-03-01,9689,105,92.28,produce,East Taylor,guy
2023-01-01,5543,50,110.86,do,Kaylafurt,somebody
2023-01-27,7847,156,50.3,drive,Chelseyside,none
2023-02-20,5963,185,32.23,authority,Davidshire,hope
2023-02-22,9852,147,67.02,simple,Kimburgh,strong
2023-02-24,3446,88,39.16,crime,West Mark,firm
2023-01-24,5897,199,29.63,ever,Kimberlyside,development
2023-02-23,2683,59,45.47,rate,South Joe,second
2023-03-09,7518,168,44.75,away,South Garyshire,rest
2023-03-07,5997,79,75.91,woman,East Jacobland,great
2023-01-12,7237,134,54.01,relationship,Whitneyside,stuff
2023-02-26,8450,122,69.26,do,Leonardtown,Democrat
2023-01-07,8593,166,51.77,outside,Claudiaview,through
2023-01-01,7652,57,134.25,major,Gabriellechester,she
2023-03-01,8134,91,89.38,guy,North Michaelmouth,let
2023-01-10,5389,187,28.82,room,East Beverlymouth,add
2023-01-31,4612,66,69.88,total,West Amyshire,front
2023-01-25,9714,98,99.12,history,Terriside,research
2023-01-07,9556,127,75.24,produce,Harristown,others
2023-02-06,4652,63,73.84,watch,South Paulborough,image
2023-02-12,8409,138,60.93,security,West Thomas,foreign
2023-02-26,8499,177,48.02,must,Stuartmouth,record
2023-01-03,1430,162,8.83,common,North Chelsea,until
2023-02-13,7457,104,71.7,require,Shaneport,factor
2023-03-07,6435,134,48.02,audience,Butlerside,right
2023-01-25,2616,105,24.91,trade,Peterfort,rest
2023-01-24,8112,88,92.18,finish,East Thomasstad,almost
2023-03-05,2857,179,15.96,scene,Michaelfort,plant
2023-02-05,9893,175,56.53,teach,New Lisaview,coach
2023-02-02,2139,168,12.73,fire,New Brandonfort,eat
2023-02-27,2897,162,17.88,kind,Gordontown,ago
2023-02-28,4995,89,56.12,third,Lake Tracyfort,blue
2023-03-05,6691,166,40.31,area,North Mistybury,serve
2023-01-27,8619,136,63.38,deep,North Emilyton,war
2023-01-03,9755,149,65.47,deep,Lake Cameron,eye
2023-02-03,6032,166,36.34,glass,South Amandastad,particularly
2023-02-24,3893,74,52.61,instead,North Cindyville,stand
2023-02-01,1069,63,16.97,reality,Reyeston,daughter
2023-03-08,8923,126,70.82,value,Jillside,front
2023-02-11,8576,100,85.76,common,North Linda,assume
2023-02-01,8349,54,154.61,current,Lake Karen,natural
2023-02-25,6842,87,78.64,difficult,Adamtown,minute
2023-01-21,1016,70,14.51,clear,Fitzgeraldshire,friend
2023-01-13,6101,113,53.99,begin,Rodriguezshire,memory
2023-03-02,5042,141,35.76,financial,Andradefort,ask
2023-02-28,7913,111,71.29,Mrs,Lake Eddie,meet
2023-01-17,3215,84,38.27,shoulder,Wardhaven,agency
2023-02-06,4168,95,43.87,everything,Port Sherylchester,value
2023-02-23,2696,160,16.85,improve,East Josephtown,college
2023-03-08,2751,109,25.24,edge,East Rebekah,social
2023-01-08,5727,84,68.18,up,Port Isabella,security
2023-02-28,4760,65,73.23,idea,Harveyview,early
2023-02-24,4913,108,45.49,life,West Daniel,center
2023-02-26,2244,61,36.79,skin,Jamiestad,have
2023-01-29,5544,111,49.95,hundred,Leehaven,tonight
2023-01-15,9336,111,84.11,friend,Port Travis,simple
2023-01-10,2820,69,40.87,maintain,West Laura,with
2023-02-18,1124,50,22.48,list,Lawsonfurt,lead
2023-02-16,7390,56,131.96,civil,East Robert,training
2023-02-21,8827,99,89.16,foreign,Aprilbury,project
2023-02-07,3971,152,26.12,wait,West Brendaborough,conference
2023-01-27,8527,148,57.61,above,North Elizabethmouth,final
2023-02-20,7658,88,87.02,despite,Jenniferburgh,year
2023-02-01,7044,171,41.19,system,Jenniferland,executive
2023-02-03,1584,58,27.31,particularly,Georgechester,that
2023-01-21,5029,143,35.17,address,Port Melissa,task
2023-01-16,2469,92,26.84,watch,Brownburgh,tend
2023-01-20,9874,90,109.71,yard,Wattsberg,lead
2023-01-06,7206,79,91.22,should,North Mark,gun
2023-01-12,9551,57,167.56,become,East Janetville,across
2023-02-09,8008,105,76.27,budget,Dakotachester,process
2023-02-17,2917,60,48.62,box,Robinsonview,remain
2023-01-23,3305,163,20.28,doctor,New Kelsey,through
2023-02-06,9502,182,52.21,network,East Nathanfurt,just
2023-02-06,6218,75,82.91,traditional,Christophershire,require
2023-01-18,5397,167,32.32,age,North Thomasfort,prevent
2023-03-11,6027,177,34.05,site,Wellsborough,star
2023-03-03,9319,133,70.07,north,North Jenniferview,several
2023-01-26,8549,82,104.26,thought,East Patrickview,of
2023-02-10,1830,53,34.53,history,Bradleyhaven,size
2023-01-28,2051,169,12.14,safe,Smithview,their
2023-02-24,7636,138,55.33,collection,Holmesshire,feel
2023-03-09,2458,50,49.16,hope,Jefferybury,defense
2023-01-27,2442,112,21.8,heavy,Lake Brandon,among
2023-01-26,5721,111,51.54,lay,Lake Tiffany,century
2023-01-21,2580,188,13.72,deep,New Michael,attack
2023-01-29,6386,149,42.86,reveal,East John,kind
2023-01-19,8433,55,153.33,other,New Steven,window
2023-03-08,8850,172,51.45,power,Gilmoreside,institution
2023-03-07,9183,160,57.39,reflect,East Cynthia,cover
2023-01-02,6033,127,47.5,change,Riveraberg,whole
2023-01-08,4386,195,22.49,respond,Melissachester,accept
2023-02-12,8595,199,43.19,throw,New Nicholasport,exist
2023-01-13,6091,163,37.37,yes,Meaganmouth,out
2023-01-21,7942,78,101.82,show,Fostershire,view
2023-02-12,4666,88,53.02,task,Stephenborough,clear
2023-02-06,8346,90,92.73,letter,Port Stephanieburgh,right
2023-01-05,7764,161,48.22,whole,Joemouth,front
2023-02-12,8423,164,51.36,reality,West Andrea,whether
2023-01-27,7187,162,44.36,recent,Austintown,close
2023-01-02,9376,83,112.96,near,Thomasfort,military
2023-03-08,3743,99,37.81,rather,Lake Robinland,event
2023-03-05,6301,51,123.55,without,Claytonfurt,voice
2023-01-21,6655,197,33.78,about,North Jack,allow
2023-02-22,8684,157,55.31,again,New Laurabury,last
2023-02-15,9256,73,126.79,sister,East Daniel,who
2023-01-07,6226,181,34.4,top,North Henrytown,much
2023-02-03,3772,107,35.25,modern,New Warrenhaven,result
2023-01-31,1742,184,9.47,customer,North Jaimechester,real
2023-01-09,9859,197,50.05,thing,North Jenniferstad,hold
2023-01-25,6083,79,77.0,foreign,North Joseph,usually
2023-03-02,6756,174,38.83,crime,North James,two
2023-02-17,8990,110,81.73,structure,Jonesshire,message
2023-02-16,2648,171,15.49,late,Lake Lori,thus
2023-03-04,1397,186,7.51,hour,East Ryan,husband
2023-02-15,5410,77,70.26,data,New Abigail,professor
2023-02-17,2057,112,18.37,military,East Laura,cover
2023-03-10,9490,150,63.27,back,South Joseph,learn
2023-01-08,2596,183,14.19,sister,New Nicolemouth,arrive
2023-02-21,1979,121,16.36,final,Butlerside,few
2023-02-23,2652,193,13.74,coach,Lake Jennifer,PM
2023-02-16,8212,102,80.51,view,Lake Andreafurt,institution
2023-02-16,4145,145,28.59,think,Lake Stevenfort,specific
2023-01-19,1260,190,6.63,take,West Jennifer,much
2023-03-11,2424,114,21.26,reality,Maldonadochester,kitchen
2023-01-13,6694,67,99.91,which,Annetown,them
2023-02-24,2835,114,24.87,watch,Lake Joseph,beyond
2023-02-06,9228,125,73.82,tough,Adambury,and
2023-02-12,2434,79,30.81,must,North Ericbury,music
2023-03-08,8967,81,110.7,sell,Port John,charge
2023-01-08,6240,93,67.1,official,Stevenstown,candidate
2023-01-24,6321,92,68.71,free,Jasonberg,clear
2023-01-10,6995,182,38.43,someone,South Amyville,practice
2023-02-02,4954,169,29.31,perhaps,Port David,government
2023-01-09,1966,66,29.79,scientist,North Rachelmouth,mother
2023-02-17,8033,64,125.52,across,Mataside,necessary
2023-03-07,3452,104,33.19,later,East Roy,marriage
2023-01-20,7763,156,49.76,enjoy,Rossbury,detail
2023-02-16,8462,101,83.78,light,Louisburgh,close
2023-02-05,5082,169,30.07,list,Antoniofort,into
2023-02-05,7401,190,38.95,way,Richardmouth,matter
2023-02-11,1485,142,10.46,effort,Coxland,buy
2023-01-26,8099,139,58.27,born,Cooperburgh,national
2023-01-28,9754,200,48.77,computer,Omarfort,cell
2023-02-10,2685,158,16.99,do,Christopherville,team
2023-02-24,8237,110,74.88,machine,Mcguireport,contain
2023-01-28,5444,162,33.6,may,Port Kaylastad,him
2023-01-31,4981,174,28.63,then,East Jeffrey,significant
2023-01-10,1577,142,11.11,hair,South Christinaton,clearly
2023-03-06,3414,51,66.94,dinner,West Joseville,word
2023-02-09,1410,187,7.54,mind,West Marcustown,entire
2023-01-10,3548,56,63.36,deal,Port Rodney,fight
2023-01-23,1154,120,9.62,few,West Kevin,would
2023-01-05,8408,181,46.45,often,Debrashire,Congress
2023-02-24,7357,118,62.35,positive,Port Brittney,black
2023-02-27,7612,149,51.09,because,South Lauraborough,sport
2023-02-24,5259,169,31.12,current,North Markview,all
2023-02-04,3322,55,60.4,major,South Nicole,right
2023-02-24,8922,99,90.12,four,Patriciaport,could
2023-01-15,6854,71,96.54,stock,Stewartfort,discussion
2023-02-23,2572,165,15.59,skill,Deleonburgh,economic
2023-01-29,2865,83,34.52,image,Kathrynchester,create
2023-01-09,1389,129,10.77,she,Garcialand,too
2023-01-03,4128,193,21.39,recognize,Campbellberg,away
2023-02-10,4999,181,27.62,feel,New Michelle,local
2023-01-12,9046,196,46.15,front,East Kennethchester,majority
2023-03-07,6541,73,89.6,spring,West Richardchester,process
2023-02-19,4577,52,88.02,top,Shawnview,choose
2023-01-15,9653,143,67.5,land,South Andre,another
2023-02-20,6985,144,48.51,kind,Crystaltown,think
2023-01-22,9084,197,46.11,whatever,Scottland,wish
2023-03-01,9491,179,53.02,use,Castilloland,best
2023-01-06,7627,152,50.18,well,Kochborough,heart
2023-01-13,6225,169,36.83,contain,Port Bethborough,keep
2023-02-10,3208,72,44.56,include,West Lori,detail
2023-02-28,2644,81,32.64,prove,South Brendan,evidence
2023-02-20,4604,138,33.36,time,Lake Jessica,change
2023-01-19,1842,186,9.9,summer,Lake Margaretstad,fish
2023-01-17,6079,181,33.59,new,Sanchezton,production
2023-01-24,3627,115,31.54,husband,South Linda,kind
2023-01-05,2978,184,16.18,north,Carolynborough,try
2023-01-23,4928,139,35.45,truth,West Iantown,public
2023-01-11,8791,178,49.39,key,West Shanetown,young
2023-01-20,5616,129,43.53,artist,New Chaseborough,rule
2023-03-06,4617,59,78.25,player,South Brandishire,model
2023-01-11,3123,102,30.62,water,Aprilton,peace
2023-02-07,3685,154,23.93,certain,Lake Emily,their
2023-01-21,1472,153,9.62,as,North Douglasmouth,military
2023-01-27,3839,183,20.98,up,Chelseaburgh,look
2023-01-25,1292,174,7.43,there,South Michaelport,everybody
2023-03-08,6707,188,35.68,somebody,Alexishaven,while
2023-02-27,2327,137,16.99,go,Crystalfurt,try
2023-03-09,5053,100,50.53,can,Port Jacobside,close
2023-02-01,1668,106,15.74,him,Kaylafurt,discover
2023-02-03,7836,117,66.97,myself,Dennisshire,base
2023-01-10,6782,131,51.77,street,Port Anthonyshire,put
2023-01-21,7857,149,52.73,whom,Valerieside,college
2023-03-06,7884,140,56.31,again,Port Elizabethberg,area
2023-02-02,6102,170,35.89,whose,New Sean,bar
2023-02-15,5338,119,44.86,safe,East Bobby,individual
2023-02-11,3226,113,28.55,even,East Kyliechester,possible
2023-01-29,7637,77,99.18,lay,Smithland,hotel
2023-03-06,4431,171,25.91,read,West Davidburgh,east
2023-02-19,1740,76,22.89,too,Staffordchester,reality
2023-03-06,4467,168,26.59,less,Hansonfurt,television
2023-01-02,8517,135,63.09,five,Donovanfort,sure
2023-02-06,2970,157,18.92,I,Martinezmouth,company
2023-01-14,4721,130,36.32,grow,North Jennifer,level
2023-01-14,2690,189,14.23,speak,New Rebeccafurt,activity
2023-01-14,7105,114,62.32,charge,Kylestad,seat
2023-02-28,2082,192,10.84,enjoy,Porterport,or
2023-02-28,2209,189,11.69,city,Barbaraport,street
2023-03-11,8145,165,49.36,offer,North Chelseaside,along
2023-02-23,2218,184,12.05,personal,Mooretown,decide
2023-02-27,3060,129,23.72,remember,Jamesmouth,learn
2023-01-26,1212,94,12.89,speak,Kingfurt,notice
2023-03-04,8109,51,159.0,trouble,North Joseph,size
2023-01-14,6165,188,32.79,street,Valenciabury,personal
2023-03-01,6418,147,43.66,them,West Erinstad,accept
2023-01-04,3074,86,35.74,you,Port Cody,picture
2023-02-11,5947,91,65.35,tend,North Melissaland,once
2023-02-18,1237,145,8.53,guy,Port Melinda,special
2023-02-16,3933,57,69.0,so,South Zachary,agree
2023-02-07,4241,174,24.37,each,Brownville,recently
2023-02-11,9126,58,157.34,offer,Mckenzieview,professor
2023-01-29,4799,115,41.73,subject,Andrewchester,anyone
2023-02-19,8999,91,98.89,edge,Kennedychester,front
2023-02-21,1778,112,15.88,ask,Lake Cheryl,half
2023-01-12,5373,71,75.68,kitchen,Shawhaven,structure
2023-02-10,5130,52,98.65,manage,Port Steveborough,argue
2023-02-07,9732,121,80.43,report,Perkinstown,forward
2023-01-28,6638,125,53.1,bring,Larsonfurt,choose
2023-03-06,3831,166,23.08,deal,New Ritaburgh,great
2023-02-04,8867,169,52.47,miss,Lake Elizabeth,way
2023-02-26,3008,149,20.19,professor,Juliaborough,pay
2023-02-20,5308,145,36.61,reality,Andersonside,main
2023-02-03,5672,124,45.74,bill,East Jessica,others
2023-01-28,2827,144,19.63,vote,Goodstad,option
2023-01-30,2328,94,24.77,power,East Tyrone,film
2023-02-08,4857,159,30.55,memory,Wongville,first
2023-01-02,1502,157,9.57,that,Andersonmouth,management
2023-02-01,4260,190,22.42,public,Lake Michaelview,machine
2023-02-11,5366,67,80.09,part,East Randall,far
2023-01-09,2406,169,14.24,already,Dustinchester,decade
2023-03-05,7314,146,50.1,see,Lake David,any
2023-02-15,9729,89,109.31,factor,North Carly,respond
2023-03-08,7251,142,51.06,feeling,Kevinstad,water
2023-01-31,6170,75,82.27,night,East Jacobbury,reveal
2023-01-29,2111,143,14.76,yes,Port Jeffrey,reflect
2023-01-05,6890,174,39.6,show,Lindseyland,imagine
2023-03-11,9503,137,69.36,meet,Calvinstad,provide
2023-02-04,9186,63,145.81,check,North Jeff,population
2023-01-13,4566,193,23.66,become,Farleyview,side
2023-01-20,2950,195,15.13,clear,New Diane,section
2023-01-31,8986,148,60.72,star,Josephborough,yard
2023-02-12,2097,63,33.29,plan,North Johnny,race
2023-01-21,9530,59,161.53,focus,Abigailmouth,image
2023-01-02,4003,179,22.36,base,Figueroaland,parent
2023-03-09,7185,79,90.95,another,Port Roger,control
2023-01-18,4274,65,65.75,middle,Lake Clayton,everything
2023-02-08,1192,156,7.64,choose,Jasonborough,with
2023-01-01,7823,200,39.12,short,Lake Tonya,these
2023-01-13,5048,117,43.15,prepare,Shannonfurt,only
2023-01-29,4572,85,53.79,help,East Kristy,price
2023-02-05,6838,169,40.46,still,East Meredithtown,line
2023-01-28,8196,139,58.96,kitchen,Charleneport,piece
2023-01-16,3410,60,56.83,indicate,Hillmouth,military
2023-02-05,3976,56,71.0,explain,Kentborough,speech
2023-03-03,6288,51,123.29,various,Davisshire,your
2023-01-14,7507,110,68.25,vote,Shanemouth,number
2023-01-16,5182,76,68.18,on,Paulbury,traditional
2023-02-27,6662,143,46.59,still,Lake Nicholas,tax
2023-01-03,5334,182,29.31,development,Grantfort,say
2023-01-11,5355,160,33.47,reality,South David,system
2023-03-05,5071,164,30.92,start,Jenniferville,kind
2023-03-02,2518,81,31.09,before,Josephfort,true
2023-03-01,9798,92,106.5,indicate,Nealstad,identify
2023-02-08,1431,52,27.52,item,Coxview,while
2023-03-11,6647,90,73.86,range,Lake Mary,surface
2023-02-15,4589,118,38.89,maintain,Lake Tammy,western
2023-02-04,8469,60,141.15,father,Melissaview,who
2023-02-02,8665,52,166.63,hair,North Michaelmouth,expert
2023-02-22,2957,91,32.49,knowledge,Luisland,receive
2023-02-13,4667,178,26.22,show,Georgeport,make
2023-02-20,5908,79,74.78,individual,Jenniferstad,cell
2023-01-26,8774,145,60.51,speech,New Rebeccaton,rich
2023-02-01,6399,121,52.88,very,Johnsonburgh,couple
2023-01-28,7568,165,45.87,wind,Lake Gabriellemouth,across
2023-02-24,8682,168,51.68,yard,Perryhaven,western
2023-01-04,2377,56,42.45,Congress,Conwayberg,among
2023-01-20,8910,165,54.0,network,Johnsonshire,card
2023-02-27,2485,143,17.38,card,North Warrenton,significant
2023-02-18,3068,63,48.7,nice,Jenniferbury,agent
2023-02-19,7784,135,57.66,heavy,Stoneshire,many
2023-01-19,8712,198,44.0,man,New Tracy,standard
2023-02-13,1881,165,11.4,television,Lauriehaven,wait
2023-02-18,8102,176,46.03,onto,Randallfurt,performance
2023-01-16,8038,50,160.76,we,Smithview,food
2023-03-05,9520,97,98.14,listen,Hallland,sense
2023-01-10,7910,124,63.79,situation,Port Joshuachester,morning
2023-03-04,7338,95,77.24,laugh,Aprilstad,both
2023-01-07,9710,143,67.9,build,Lake Dawn,system
2023-02-10,1327,194,6.84,fund,Baileystad,Congress
2023-02-06,9115,156,58.43,forget,Lake Angelaton,agree
2023-01-06,7133,84,84.92,turn,Port Charles,later
2023-01-31,4530,152,29.8,first,Millerside,finally
2023-01-16,5812,121,48.03,throughout,Lake Ryan,protect
2023-03-06,8846,142,62.3,get,Greenhaven,out
2023-01-18,3761,69,54.51,factor,North Megantown,common
2023-02-22,5964,154,38.73,me,Lozanofort,soldier
2023-01-28,7436,53,140.3,story,Hernandezhaven,parent
2023-02-13,1473,64,23.02,we,Tarashire,too
2023-02-02,6856,193,35.52,door,Stoneburgh,set
2023-01-30,4747,69,68.8,movie,New Williamshire,worker
2023-02-26,1800,186,9.68,however,Lake Davidfort,finish
2023-01-25,4720,174,27.13,since,Taylormouth,country
2023-02-28,6484,138,46.99,it,New Parker,its
2023-03-07,2531,60,42.18,task,Washingtonside,politics
2023-01-29,4907,117,41.94,couple,Sarahstad,crime
2023-01-04,1187,67,17.72,increase,East Erikstad,themselves
2023-03-03,6190,175,35.37,indeed,New Elizabeth,rule
2023-01-26,5270,146,36.1,least,Lake Kellymouth,practice
2023-01-11,4311,149,28.93,piece,Hayesburgh,rock
2023-02-08,1497,155,9.66,feeling,North Jimmy,strategy
2023-01-10,1761,143,12.31,be,Jeffreyland,support
2023-03-10,7356,135,54.49,player,West Carolton,early
2023-01-26,7104,95,74.78,represent,Lake Kristinland,they
2023-02-23,8108,78,103.95,inside,Lake Russellstad,red
2023-01-23,9631,164,58.73,until,Lake Barbaraport,bank
2023-02-08,9412,86,109.44,itself,Port Emilyport,decide
2023-02-02,9223,147,62.74,war,Cynthiabury,bad
2023-02-23,7137,73,97.77,already,North Hannahhaven,ready
2023-01-25,7078,79,89.59,test,Kaylaburgh,protect
2023-02-24,5417,53,102.21,save,Lake Christianville,small
2023-02-02,1757,117,15.02,down,North Charlesmouth,trial
2023-02-14,7312,114,64.14,so,Stuarthaven,lot
2023-01-07,7901,118,66.96,suffer,East Philipchester,grow
2023-01-04,7467,143,52.22,more,Jasontown,country
2023-01-12,1356,177,7.66,child,Lorichester,most
2023-03-01,1254,189,6.63,full,Lake Michelle,speech
2023-01-09,1188,164,7.24,age,Smithtown,second
2023-01-12,2043,93,21.97,score,Ramoston,hit
2023-02-04,1631,184,8.86,choice,Lake Tracystad,themselves
2023-02-05,5533,91,60.8,front,Port Douglas,water
2023-03-05,6985,186,37.55,suffer,Sanchezburgh,feeling
2023-01-30,2830,100,28.3,ahead,Ryantown,reduce
2023-01-11,7509,91,82.52,job,New Johnport,store
2023-02-23,6189,89,69.54,bad,East Valerie,image
2023-02-02,7797,129,60.44,life,Justinview,step
2023-01-05,4477,195,22.96,population,East Mallory,reach
2023-01-09,7353,143,51.42,must,Pamelaland,animal
2023-02-06,1871,145,12.9,live,Johnstonmouth,happy
2023-02-20,2922,146,20.01,fish,Michaelberg,minute
2023-01-17,6541,124,52.75,everybody,East Maryland,yourself
2023-02-21,2860,143,20.0,certainly,South Jennifer,news
2023-02-10,2997,89,33.67,standard,New Loristad,well
2023-01-21,4826,146,33.05,general,Lake Martinton,effect
2023-01-21,7350,107,68.69,local,Contrerasbury,month
2023-01-10,1217,95,12.81,fear,Denniston,relate
2023-01-01,2208,103,21.44,sound,Port Brandon,time
2023-02-02,8747,172,50.85,environment,Hernandezhaven,threat
2023-01-29,1552,157,9.89,party,Ruizfurt,line
2023-02-15,4012,97,41.36,huge,Mollyshire,company
2023-01-12,6580,148,44.46,entire,Andrewton,beyond
2023-02-08,9062,177,51.2,organization,Jacquelinechester,so
2023-01-27,3342,116,28.81,interview,Andreaberg,fine
2023-01-16,7181,186,38.61,ahead,Christinachester,laugh
2023-01-05,6174,143,43.17,career,Lake Victortown,large
2023-02-19,4939,166,29.75,difficult,Lake James,table
2023-02-24,5082,176,28.88,fast,Josephbury,black
2023-03-03,3654,114,32.05,foreign,Franktown,else
2023-01-29,7711,197,39.14,under,South Kimmouth,pull
2023-03-03,4689,106,44.24,true,South Daniellestad,continue
2023-03-04,9898,145,68.26,notice,Whitneymouth,bar
2023-02-05,1255,85,14.76,Congress,Port Brookefurt,particular
2023-01-12,2908,60,48.47,never,West Lindsaymouth,full
2023-02-13,5323,113,47.11,try,Gileston,moment
2023-01-12,8968,77,116.47,speech,North Michael,might
2023-02-12,6284,188,33.43,year,Frederickborough,yet
2023-01-21,4399,110,39.99,song,Greenstad,research
2023-01-29,3223,61,52.84,nor,Bairdland,popular
2023-03-03,5816,168,34.62,one,New Tiffany,imagine
2023-02-28,4833,104,46.47,live,Cindytown,level
2023-01-03,3791,157,24.15,phone,Tamaraborough,old
2023-01-15,4708,128,36.78,measure,South Michaeltown,level
2023-01-21,4965,197,25.2,during,Santiagohaven,necessary
2023-03-08,5580,84,66.43,small,Lake Lindsay,guess
2023-02-23,7863,70,112.33,house,North Matthew,avoid
2023-01-04,7102,70,101.46,performance,West Coreyview,million
2023-01-31,3341,61,54.77,see,Rebeccafort,town
2023-02-25,6099,125,48.79,item,West Sierrachester,hair
2023-01-11,8165,143,57.1,church,Smithchester,movement
2023-01-15,6957,175,39.75,north,Carolynland,table
2023-01-26,6258,85,73.62,assume,Gilbertstad,fill
2023-01-28,4389,120,36.58,the,Collinsmouth,create
2023-02-16,8767,160,54.79,task,West Wendyborough,music
2023-01-04,1710,53,32.26,future,Derekborough,a
2023-01-21,3430,72,47.64,threat,Lake Benjaminburgh,way
2023-02-28,5287,76,69.57,single,Michaelborough,his
2023-02-20,8107,142,57.09,board,New Julieborough,tend
2023-03-06,5349,186,28.76,modern,South Dawnhaven,born
2023-03-11,5627,123,45.75,stop,Timfort,I
2023-02-05,5730,159,36.04,care,Bryantberg,throw
2023-03-05,9056,78,116.1,wait,Williamsberg,entire
2023-03-02,8588,105,81.79,second,Clayview,rate
2023-01-25,4052,67,60.48,window,Port Ruth,charge
2023-01-02,7384,51,144.78,lot,Jenniferbury,friend
2023-03-03,8316,179,46.46,probably,Lake Kimberly,center
2023-01-05,9027,154,58.62,prove,New Joyceburgh,hot
2023-03-02,6774,173,39.16,every,Port Charlesfurt,commercial
2023-01-01,4827,197,24.5,break,Williamsborough,here
2023-01-26,2020,71,28.45,after,Isaiahside,management
2023-02-28,9944,90,110.49,year,Port Mathew,movement
2023-01-13,7639,130,58.76,likely,Turnerfort,rest
2023-01-11,7612,121,62.91,region,South Richard,sea
2023-01-07,9345,165,56.64,no,Santiagoland,financial
2023-01-09,1854,143,12.97,same,Kathleenfurt,relationship
2023-02-21,2824,98,28.82,stuff,Shelbymouth,allow
2023-01-07,9603,106,90.59,carry,New Judy,type
2023-02-13,1516,56,27.07,perform,Bellville,happy
2023-02-24,2020,194,10.41,hospital,Port Ryanland,though
2023-01-25,6755,193,35.0,artist,Jamieton,score
2023-02-11,7849,194,40.46,onto,Farrellville,building
2023-02-04,8868,176,50.39,court,East Benjaminland,stop
2023-03-08,2715,112,24.24,week,Gardnerborough,reflect
2023-02-27,2151,161,13.36,interest,East Jason,across
2023-01-02,9020,55,164.0,accept,Port Jeromeborough,vote
2023-01-17,8919,139,64.17,stop,Lake Jared,especially
2023-02-06,4787,115,41.63,art,East Sergioville,staff
2023-02-28,1647,173,9.52,chair,Lake Ashleyhaven,chair
2023-01-10,2112,113,18.69,prove,Mccoyshire,off
2023-01-02,8548,88,97.14,value,Knightfurt,month
2023-01-25,3543,79,44.85,store,Joshuashire,do
2023-02-22,8788,155,56.7,exactly,South Jeremyville,value
2023-01-13,4145,133,31.17,computer,South Andrew,others
2023-02-09,9245,190,48.66,according,South Christian,simply
2023-02-03,4205,184,22.85,former,Lake Melissachester,discover
2023-02-21,4321,109,39.64,art,North Jasmineside,war
2023-02-22,6454,180,35.86,certainly,Port Melissaberg,fly
2023-03-10,5762,77,74.83,speech,New Larryfort,defense
2023-02-07,6390,105,60.86,store,Wilsonchester,season
2023-01-13,4307,87,49.51,yourself,Port Jacquelinestad,hospital
2023-01-29,7056,177,39.86,reality,Seanberg,wind
2023-03-07,9583,177,54.14,interesting,Ericborough,system
2023-02-15,6388,173,36.92,step,Greenburgh,really
2023-01-31,5363,86,62.36,surface,Stoneshire,detail
2023-03-06,6896,136,50.71,treatment,Davidtown,maybe
2023-02-27,9101,86,105.83,station,East Nathanmouth,happen
2023-01-27,1303,195,6.68,central,Stewartstad,save
2023-02-04,5034,57,88.32,stop,Yolandaland,fear
2023-03-08,3754,122,30.77,she,Cynthiafort,happen
2023-02-09,5375,195,27.56,head,Port Danielside,everyone
2023-03-08,8797,134,65.65,major,Port Isaacbury,sea
2023-02-25,1739,62,28.05,sister,New Brandon,let
2023-02-06,7499,52,144.21,Republican,East Taylor,property
2023-03-05,1996,132,15.12,sport,Stephenstad,arrive
2023-03-09,4201,72,58.35,world,Mccallborough,test
2023-02-11,6552,59,111.05,piece,Lake Mark,try
2023-02-21,6583,183,35.97,provide,Petersonport,according
2023-02-08,3236,131,24.7,water,Keithmouth,mind
2023-01-01,4928,59,83.53,simply,Lindabury,outside
2023-02-24,4776,143,33.4,employee,Sarahview,message
2023-03-11,8303,139,59.73,show,Joshuaton,sea
2023-01-01,7500,115,65.22,who,South Michelleshire,factor
2023-02-19,8849,189,46.82,professional,Horneport,attention
2023-02-01,5604,67,83.64,view,Lake Andres,couple
2023-02-27,2236,194,11.53,story,Lake Maurice,mention
2023-02-27,3968,87,45.61,by,Craigport,age
2023-01-16,8939,177,50.5,police,West Matthewland,goal
2023-02-21,5204,111,46.88,nothing,East Hunter,morning
2023-02-17,1682,82,20.51,the,Travisborough,computer
2023-02-04,7655,81,94.51,herself,North Sarah,able
2023-02-19,5121,175,29.26,want,New Brandon,listen
2023-01-16,8691,80,108.64,nearly,Lake Derrick,most
2023-02-22,4705,50,94.1,character,Millerchester,race
2023-01-10,6268,190,32.99,south,South Adam,exactly
2023-01-20,4306,51,84.43,physical,Rebeccachester,former
2023-02-04,8692,119,73.04,job,Richardmouth,two
2023-01-25,7135,79,90.32,expert,Lake Kenneth,song
2023-01-03,4713,195,24.17,threat,Davidmouth,argue
2023-01-13,8453,175,48.3,two,Ericport,single
2023-01-09,7018,71,98.85,conference,South Caseybury,institution
2023-03-09,8440,144,58.61,method,New Edwardbury,else
2023-03-08,1140,181,6.3,up,New Bruce,possible
2023-02-02,4969,132,37.64,worker,Lopezport,include
2023-01-07,9834,65,151.29,behavior,Hillview,clear
2023-03-03,5498,68,80.85,condition,New Misty,each
2023-01-31,4139,75,55.19,however,Ryanchester,hospital
2023-01-06,2936,118,24.88,field,Mandyside,you
2023-03-03,7688,188,40.89,his,East Douglas,entire
2023-02-19,3177,89,35.7,my,North Kelly,focus
2023-02-26,3595,159,22.61,now,Jodyfort,yes
2023-03-01,4198,65,64.58,chance,South John,little
2023-01-17,8024,130,61.72,like,Moorebury,suddenly
2023-01-04,5417,90,60.19,meeting,East Michaelberg,watch
2023-01-05,6926,104,66.6,figure,Port Michele,fight
2023-03-06,3314,60,55.23,son,North Angela,drop
2023-02-19,7725,94,82.18,find,Kaylabury,card
2023-02-05,4365,156,27.98,among,North Jaclyn,hotel
2023-02-18,9274,161,57.6,glass,East Amyside,medical
2023-02-06,9812,158,62.1,difference,Port Michael,shoulder
2023-02-06,3100,110,28.18,positive,New John,method
2023-02-23,3327,153,21.75,up,North Aaron,ahead
2023-02-27,8306,103,80.64,present,Port Patrick,heart
2023-02-16,5339,164,32.55,also,Meyerfurt,deal
2023-01-10,9869,169,58.4,feeling,Hunterfurt,structure
2023-02-14,7848,141,55.66,create,New Danielland,sign
2023-03-01,8362,151,55.38,someone,North Andrewbury,but
2023-01-19,2311,97,23.82,report,Perkinshaven,effort
2023-02-04,6811,154,44.23,like,Lake David,least
2023-01-05,5890,144,40.9,lose,North Brenda,condition
2023-02-11,3092,97,31.88,meet,Gregoryfurt,them
2023-02-03,6274,115,54.56,really,Charlesborough,able
2023-02-25,2778,60,46.3,loss,Glassport,include
2023-01-11,7253,136,53.33,back,Williamsborough,under
2023-02-11,6249,156,40.06,degree,Hayesview,each
2023-02-10,8543,112,76.28,fact,Chapmanberg,simply
2023-01-24,7645,172,44.45,option,Jasonbury,station
2023-02-09,2216,151,14.68,student,Anthonymouth,sort
2023-02-07,3343,56,59.7,speak,Port Kyleburgh,study
2023-02-25,7643,170,44.96,network,Sarahburgh,too
2023-03-07,9600,116,82.76,goal,Amyport,us
2023-01-24,8321,161,51.68,even,West Sarah,campaign
2023-01-12,9824,118,83.25,fill,Michaelstad,audience
2023-01-12,2891,73,39.6,bring,Toddmouth,nor
2023-01-19,5970,198,30.15,yourself,Hardingmouth,old
2023-01-12,6281,90,69.79,public,Port Melissaborough,growth
2023-01-02,3929,95,41.36,hold,Murphychester,allow
2023-03-10,8371,145,57.73,blood,Turnerport,his
2023-01-01,9196,88,104.5,those,New Carla,less
2023-02-06,6612,89,74.29,cold,South Angelicatown,last
2023-01-03,4146,176,23.56,shake,New Mirandaside,right
2023-02-12,9012,75,120.16,true,Ashleyfurt,ability
2023-01-12,2629,93,28.27,stuff,Crystalmouth,dream
2023-02-19,2310,85,27.18,expect,New Frankstad,official
2023-02-19,7272,124,58.65,relate,West Laura,worker
2023-02-17,2469,109,22.65,method,Kristinhaven,her
2023-02-10,2012,51,39.45,arm,West Pamela,range
2023-01-30,1783,69,25.84,service,West Joseberg,something
2023-02-01,7550,146,51.71,than,Heatherburgh,like
2023-02-07,3809,107,35.6,fact,Zacharyland,call
2023-01-24,8102,160,50.64,bring,Kaitlynchester,sit
2023-02-11,3132,186,16.84,ago,Andreabury,garden
2023-01-03,3075,127,24.21,radio,Lake Jason,everyone
2023-02-05,8730,183,47.7,people,North Cindystad,officer
2023-02-02,1269,104,12.2,wrong,New Anthonyberg,at
2023-01-09,1413,71,19.9,box,Christophertown,worry
2023-02-18,7843,152,51.6,until,Lindastad,such
2023-01-19,1876,189,9.93,five,Lake Shannon,raise
2023-02-18,1807,124,14.57,meet,Kellybury,nation
2023-02-06,4600,133,34.59,past,Rickfurt,important
2023-02-24,4021,123,32.69,power,Brownhaven,away
2023-03-06,5407,173,31.25,future,East Sarah,us
2023-02-19,4676,158,29.59,animal,West Sharonhaven,put
2023-01-02,7403,135,54.84,west,South Caitlinshire,interest
2023-02-10,1675,192,8.72,everyone,West Pedro,according
2023-01-07,8342,193,43.22,per,Charlesfurt,factor
2023-03-06,2722,149,18.27,protect,Parkerland,wrong
2023-01-10,5883,162,36.31,position,South Brandon,issue
2023-03-03,8335,101,82.52,sometimes,West Loriport,physical
2023-03-07,1809,50,36.18,teacher,South Linda,hit
2023-03-07,3962,193,20.53,hot,Lake Robinside,man
2023-01-24,4597,111,41.41,nothing,Gardnerfurt,store
2023-02-11,2137,70,30.53,energy,East Josephfurt,culture
2023-02-16,3349,106,31.59,foot,Lake Carlos,place
2023-03-08,2909,127,22.91,film,Lake Alexismouth,trouble
2023-01-22,4325,51,84.8,physical,West Annashire,image
2023-03-02,2086,101,20.65,until,Alexisshire,sure
2023-01-19,8924,161,55.43,daughter,Port Joe,cup
2023-01-20,3909,192,20.36,do,Patriciachester,candidate
2023-03-04,4268,66,64.67,address,North Timothyfort,of
2023-01-07,7250,146,49.66,moment,Sanchezshire,court
2023-02-12,1718,140,12.27,maintain,North Stephanie,court
2023-02-19,8672,164,52.88,from,Port Laurenburgh,standard
2023-01-30,7755,162,47.87,dream,Jeffreychester,public
2023-01-27,4850,64,75.78,form,Lake Williamtown,rather
2023-01-07,6715,123,54.59,open,Port Angelahaven,scientist
2023-03-09,5160,162,31.85,find,Meganmouth,party
2023-02-10,7110,106,67.08,paper,Hannahburgh,ago
2023-03-03,7081,144,49.17,particular,South Kevinport,thank
2023-02-13,9014,70,128.77,within,Ericamouth,century
2023-02-26,5880,92,63.91,fly,South Jesseport,she
2023-03-04,1880,130,14.46,find,Williamsmouth,carry
2023-01-27,3535,153,23.1,discussion,Emilyhaven,center
2023-01-10,9542,145,65.81,really,New Thomas,you
2023-01-16,7016,114,61.54,want,Derekmouth,responsibility
2023-02-05,3093,176,17.57,ball,West Robert,decade
2023-01-01,3931,157,25.04,exactly,West Hannahstad,much
2023-02-16,4616,176,26.23,thought,Hallburgh,source
2023-02-08,2903,93,31.22,owner,West Williammouth,none
2023-01-09,3920,121,32.4,represent,South Michaelborough,town
2023-01-29,3299,193,17.09,war,West Ashleyberg,rich
2023-03-11,3326,51,65.22,position,New Amandaburgh,cultural
2023-01-19,5865,55,106.64,kitchen,West Emilyhaven,develop
2023-01-22,9665,117,82.61,available,Joshuaview,put
2023-01-13,8051,167,48.21,fire,South Paultown,sign
2023-02-09,8629,114,75.69,follow,Youngburgh,box
2023-01-17,9793,75,130.57,unit,Hicksburgh,moment
2023-02-23,6819,66,103.32,unit,West Edward,director
2023-01-17,8916,141,63.23,become,New Benjamin,change
2023-01-15,6152,116,53.03,possible,Port Amy,player
2023-02-13,7341,179,41.01,fine,Johnsonbury,customer
2023-02-20,8690,88,98.75,money,Jenniferfurt,door
2023-02-14,6200,179,34.64,dream,Stonehaven,something
2023-01-02,2898,56,51.75,official,Morrisonton,yes
2023-02-12,8149,194,42.01,official,New Patrick,prove
2023-03-09,8617,108,79.79,wife,Brucemouth,quickly
2023-02-21,6702,128,52.36,approach,South Linda,attention
2023-01-28,1507,93,16.2,sound,West Michaelmouth,popular
2023-02-26,4127,167,24.71,international,Farmermouth,alone
2023-01-27,6200,50,124.0,board,Rachaelhaven,down
2023-01-10,5487,153,35.86,office,East Kimberlyberg,film
2023-01-26,3559,163,21.83,thus,New Jacob,those
2023-02-14,6293,183,34.39,hand,Durhambury,mother
2023-02-06,5219,192,27.18,television,Rothborough,beautiful
2023-03-06,9189,195,47.12,likely,New Zoeport,voice
2023-02-22,6224,173,35.98,investment,East Richard,score
2023-02-07,9548,113,84.5,fire,Loriton,leave
2023-02-28,2191,88,24.9,respond,West Diana,line
2023-01-04,7560,57,132.63,even,Hendersontown,anyone
2023-02-11,7857,53,148.25,reach,New Mary,husband
2023-02-06,5678,81,70.1,cost,East David,brother
2023-01-09,6535,68,96.1,manager,Christopherfort,very
2023-02-20,9241,52,177.71,ground,New Davidfurt,door
2023-02-05,9201,104,88.47,maintain,Garrettberg,oil
2023-02-07,3686,151,24.41,something,New Mariahfurt,still
2023-02-19,4369,96,45.51,let,Rosehaven,our
2023-01-01,5921,157,37.71,degree,Lake Kathybury,say
2023-02-21,1032,80,12.9,senior,Barrystad,most
2023-01-11,2195,189,11.61,issue,East Heather,quickly
2023-01-31,2458,191,12.87,work,Kevinview,all
2023-02-25,2945,113,26.06,design,Edwardschester,hold
2023-01-24,9073,150,60.49,increase,Santiagoburgh,instead
2023-01-04,1464,157,9.32,scientist,Lake Michelle,together
2023-01-20,8033,176,45.64,central,Romanborough,long
2023-01-17,6465,181,35.72,standard,Michaelberg,side
2023-01-05,4225,197,21.45,address,Ashleyborough,other
2023-02-20,8531,163,52.34,be,Lake Rachel,need
2023-03-05,3886,147,26.44,boy,New Joseph,plan
2023-02-12,1589,109,14.58,fire,Millerside,public
2023-01-03,9041,95,95.17,before,Matthewside,speech
2023-03-10,4530,117,38.72,apply,North Christopher,pay
2023-02-15,5815,128,45.43,growth,Port Danielle,your
2023-02-11,4141,185,22.38,bank,Port Jennifer,read
2023-01-10,7262,163,44.55,enter,New Shelbyfort,actually
2023-01-11,7419,112,66.24,decision,Port Charles,him
2023-01-01,1407,163,8.63,suddenly,Angelafort,avoid
2023-03-02,2002,140,14.3,office,West Williamstad,training
2023-02-24,5240,66,79.39,find,South Kevin,truth
2023-01-24,8195,124,66.09,debate,New Christopher,develop
2023-01-26,8912,141,63.21,person,New Suzannechester,stand
2023-01-11,4337,89,48.73,else,Jonesville,court
2023-02-14,5090,130,39.15,dream,Sullivanfurt,region
2023-02-25,1479,130,11.38,finish,East Sherrimouth,rock
2023-02-14,1687,165,10.22,explain,Averyport,government
2023-01-15,7588,79,96.05,treat,Jeffreyburgh,public
2023-02-10,4646,190,24.45,strategy,East Phillipville,writer
2023-03-05,8930,81,110.25,future,West Thomas,far
2023-03-03,6397,119,53.76,rock,Lake Caitlyn,bill
2023-03-09,5768,174,33.15,identify,West Dana,poor
2023-02-09,3238,131,24.72,still,Casemouth,among
2023-02-09,6589,97,67.93,close,Lake Andrew,compare
2023-02-08,7586,59,128.58,young,West Emily,home
2023-02-01,6198,94,65.94,debate,West Markberg,church
2023-03-11,3060,124,24.68,wait,North Markborough,gun
2023-01-23,2602,76,34.24,though,East Steven,manager
2023-02-20,6675,154,43.34,must,East Keith,most
2023-03-07,7927,96,82.57,will,Port Josephport,down
2023-02-22,2887,90,32.08,professional,Jamesfurt,true
2023-01-27,4142,98,42.27,cell,South Christopherstad,physical
2023-01-03,1111,191,5.82,however,Scottport,political
2023-03-09,9363,95,98.56,it,New Ashleyport,seat
2023-02-04,4338,151,28.73,late,Nicoleburgh,arrive
2023-02-11,8504,174,48.87,name,Smithbury,several
2023-02-22,7696,184,41.83,month,Moodyburgh,past
2023-01-21,7219,119,60.66,no,Martinezmouth,together
2023-01-12,1147,134,8.56,generation,East Juliestad,hundred
2023-02-07,9857,193,51.07,bad,Christinechester,eight
2023-02-16,9210,119,77.39,use,South Melissa,daughter
2023-03-07,6917,178,38.86,such,Sotoburgh,each
2023-01-31,1427,85,16.79,way,Andreahaven,option
